{
  "Sources": {
    "Amazon": {
      "Icon": "amazon.png",
      "Locations": {
        "USA": {
          "Label": "United State of Amerca",
          "Distances": {
            "Iraq": 150,
            "Syria": 140,
            "Jordan": 160
          }
        },
        "Erup": {
          "Label": "Erup Harbor",
          "Distances": {
            "Iraq": 86,
            "Syria": 72,
            "Jordan": 96
          }
        }
      }
    },
    "AliExpress": {
      "Icon": "AliExpress.jfif",
      "Locations": {
        "China": {
          "Label": "China",
          "Distances": {
            "Iraq": 32,
            "Syria": 38,
            "Jordan": 44
          }
        }
      }
    },
    "AliBaba": {
      "Icon": "alibaba.png",
      "Locations": {
        "China": {
          "Label": "China",
          "Distances": {
            "Iraq": 32,
            "Syria": 38,
            "Jordan": 44
          }
        }
      }
    }
  },
  "Targets": {
    "Iraq": {
      "Label": "Iraq",
      "Cost": 3.46,
      "Cities": [
        {
          "Name": "Baghdad",
          "Cost": 0.26
        },
        {
          "Name": "Karblaa",
          "Cost": 0.09
        },
        {
          "Name": "Karkook",
          "Cost": 0.33
        },
        {
          "Name": "Basrah",
          "Cost": 0.95
        },
        {
          "Name": "Moosel",
          "Cost": 0.18
        },
        {
          "Name": "Saladin",
          "Cost": 0.96
        },
        {
          "Name": "Falooja",
          "Cost": 0.42
        },
        {
          "Name": "Baquba",
          "Cost": 0.69
        },
        {
          "Name": "Sulimania",
          "Cost": 0.67
        },
        {
          "Name": "Babelon",
          "Cost": 0.68
        },
        {
          "Name": "Erbil",
          "Cost": 0.74
        },
        {
          "Name": "Nassria",
          "Cost": 0.58
        },
        {
          "Name": "Najef",
          "Cost": 0.80
        },
        {
          "Name": "Emaraa",
          "Cost": 0.61
        },
        {
          "Name": "Dewania",
          "Cost": 0.59
        },
        {
          "Name": "Dehooq",
          "Cost": 0.82
        },
        {
          "Name": "Hilla",
          "Cost": 0.82
        }
      ]
    },
    "Syria": {
      "Label": "Syria",
      "Cost": 4.76,
      "Cities": [
        {
          "Name": "Latakia",
          "Cost": 0.56
        },
        {
          "Name": "Idlib",
          "Cost": 0.51
        },
        {
          "Name": "Aleppo",
          "Cost": 0.89
        },
        {
          "Name": "Raqqa",
          "Cost": 0.49
        },
        {
          "Name": "Al-Hasakah",
          "Cost": 0.90
        },
        {
          "Name": "Tartus",
          "Cost": 0.29
        },
        {
          "Name": "Hama",
          "Cost": 0.65
        },
        {
          "Name": "Deir ez-Zor",
          "Cost": 0.14
        },
        {
          "Name": "Homs",
          "Cost": 0.62
        },
        {
          "Name": "Damascus",
          "Cost": 0.67
        },
        {
          "Name": "Rif Dimashq",
          "Cost": 0.07
        },
        {
          "Name": "Quneitra",
          "Cost": 0.95
        },
        {
          "Name": "Daraa",
          "Cost": 0.28
        },
        {
          "Name": "Al-Suwayda",
          "Cost": 0.52
        }
      ]
    },
    "Jordan": {
      "Label": "Jordan",
      "Cost": 0.90,
      "Cities": [
        {
          "Name": "Amman",
          "Cost": 0.79
        },
        {
          "Name": "Zarqa",
          "Cost": 0.08
        },
        {
          "Name": "Irbid",
          "Cost": 0.49
        },
        {
          "Name": "Russeifa",
          "Cost": 0.28
        },
        {
          "Name": "Al Quwaysimah",
          "Cost": 0.40
        },
        {
          "Name": "Tila al-Ali",
          "Cost": 0.11
        },
        {
          "Name": "Wadi al-Seer",
          "Cost": 0.96
        },
        {
          "Name": "Al Jubayhah",
          "Cost": 0.67
        },
        {
          "Name": "Khuraybat as-Suq",
          "Cost": 0.56
        },
        {
          "Name": "Sahab",
          "Cost": 0.68
        }
      ]
    }
  }
}
